,file,rosetta_score,mse_score
0,ptndata_small/1crnA8-12_mess101.obj,144.32948189783482,0.15478215537269674
1,ptndata_small/1crnA12-16_mess102.obj,11.958233993651502,0.0
2,ptndata_small/1crnA7-11_mess103.obj,88.8318800784586,0.1499283857422954
3,ptndata_small/1crnA8-12_mess104.obj,11.958233993651502,0.0
4,ptndata_small/1crnA12-16_mess105.obj,190.79887249827672,0.14629226045382998
5,ptndata_small/1crnA12-16_mess106.obj,188.90644513283985,0.1658379671189128
6,ptndata_small/1crnA13-17_mess107.obj,188.879304306966,0.1131771289034128
7,ptndata_small/1crnA12-16_mess108.obj,11.958233993651502,0.0
8,ptndata_small/1crnA10-14_mess109.obj,57.001347503665606,0.14487916399589254
9,ptndata_small/1crnA8-12_mess110.obj,268.93828676534383,0.19562394807722855
10,ptndata_small/1crnA11-15_mess111.obj,98.53056356358738,0.1392866232252211
11,ptndata_small/1crnA13-17_mess112.obj,148.4276498515157,0.13000233999562233
12,ptndata_small/1crnA11-15_mess113.obj,169.5321075871873,0.19405476619409853
13,ptndata_small/1crnA10-14_mess114.obj,11.958233993651502,0.0
14,ptndata_small/1crnA8-12_mess115.obj,212.54755928143436,0.15055446461160232
15,ptndata_small/1crnA9-13_mess116.obj,104.3196268417965,0.1693325170399586
16,ptndata_small/1crnA8-12_mess117.obj,329.21003872835604,0.1717053025892266
17,ptndata_small/1crnA13-17_mess118.obj,123.86777118152223,0.1505754258719209
18,ptndata_small/1crnA14-18_mess119.obj,130.31514201454348,0.2008110343605627
19,ptndata_small/1crnA13-17_mess120.obj,162.91703202216038,0.17590839888998808
20,ptndata_small/1crnA8-12_mess121.obj,103.42680696654436,0.16595015544533814
21,ptndata_small/1crnA11-15_mess122.obj,147.2238407761001,0.11872845909936525
22,ptndata_small/1crnA12-16_mess123.obj,111.48526685439563,0.12859849541424456
23,ptndata_small/1crnA7-11_mess124.obj,126.08951125262944,0.203672964699195
24,ptndata_small/1crnA12-16_mess125.obj,303.26279174342665,0.16383652221944794
25,ptndata_small/1crnA8-12_mess126.obj,134.07100966305595,0.175619188991271
26,ptndata_small/1crnA9-13_mess127.obj,102.38100806353495,0.1436210577157081
27,ptndata_small/1crnA11-15_mess128.obj,159.56940086494353,0.14532897650954038
28,ptndata_small/1crnA9-13_mess129.obj,222.5837300834404,0.16712556801528958
29,ptndata_small/1crnA9-13_mess130.obj,130.24051040232771,0.1512111507199034
30,ptndata_small/1crnA10-14_mess131.obj,82.34732790115056,0.13976062090862704
31,ptndata_small/1crnA10-14_mess132.obj,11.958233993651502,0.0
32,ptndata_small/1crnA10-14_mess133.obj,333.2404191275053,0.16031657343975572
33,ptndata_small/1crnA11-15_mess134.obj,11.958233993651502,0.0
34,ptndata_small/1crnA8-12_mess135.obj,312.5506721359328,0.16271220177763032
35,ptndata_small/1crnA13-17_mess136.obj,105.28081655975842,0.14303390191097629
36,ptndata_small/1crnA8-12_mess137.obj,145.63092210269048,0.17380470398323575
37,ptndata_small/1crnA7-11_mess138.obj,13.255784713412645,0.0
38,ptndata_small/1crnA7-11_mess139.obj,13.255784713412645,0.0
39,ptndata_small/1crnA7-11_mess140.obj,116.87206940593954,0.13783335683773826
40,ptndata_small/1crnA12-16_mess141.obj,284.8140989946362,0.19411226270556275
41,ptndata_small/1crnA12-16_mess142.obj,183.9325498517114,0.18822132504301387
42,ptndata_small/1crnA14-18_mess143.obj,388.3073058282776,0.15525160131533067
43,ptndata_small/1crnA8-12_mess144.obj,108.62581365468245,0.13584380960043252
44,ptndata_small/1crnA11-15_mess145.obj,11.958233993651502,0.0
45,ptndata_small/1crnA7-11_mess146.obj,116.9844890132079,0.2105521942720661
46,ptndata_small/1crnA10-14_mess147.obj,101.14403826657056,0.1341677792878816
47,ptndata_small/1crnA14-18_mess148.obj,130.99798871316705,0.17855739708195695
48,ptndata_small/1crnA13-17_mess149.obj,88.17313806575208,0.16924553574224566
49,ptndata_small/1crnA10-14_mess150.obj,159.8693594834134,0.1309696384097825
50,ptndata_small/1crnA9-13_mess151.obj,99.27947532017643,0.1468259521005467
51,ptndata_small/1crnA11-15_mess152.obj,228.88117206240452,0.14316187330592914
52,ptndata_small/1crnA7-11_mess153.obj,13.255784713412645,0.0
53,ptndata_small/1crnA14-18_mess154.obj,210.24985113205966,0.1747765055207985
54,ptndata_small/1crnA12-16_mess155.obj,186.3981636167885,0.1723282033894879
55,ptndata_small/1crnA13-17_mess156.obj,82.32862975301425,0.16577924542668676
56,ptndata_small/1crnA11-15_mess157.obj,77.35146743321461,0.17063330989393766
57,ptndata_small/1crnA12-16_mess158.obj,102.98099799653477,0.1960343358508607
58,ptndata_small/1crnA8-12_mess159.obj,169.97137276914037,0.1782409519269966
59,ptndata_small/1crnA8-12_mess160.obj,251.85229136091488,0.19466619154593104
60,ptndata_small/1crnA14-18_mess161.obj,116.721202356991,0.13442123054624053
61,ptndata_small/1crnA9-13_mess162.obj,255.299495960724,0.1909922644953603
62,ptndata_small/1crnA9-13_mess163.obj,209.90376353344917,0.2599006847087805
63,ptndata_small/1crnA14-18_mess164.obj,147.62547220730988,0.19620721457714616
64,ptndata_small/1crnA8-12_mess165.obj,219.65016706030613,0.15205591735083288
65,ptndata_small/1crnA7-11_mess166.obj,175.8219721040479,0.1818537007251536
66,ptndata_small/1crnA8-12_mess167.obj,259.75717636302693,0.16728550842872186
67,ptndata_small/1crnA14-18_mess168.obj,121.40686974990936,0.14581687967718648
68,ptndata_small/1crnA12-16_mess169.obj,254.0086740656095,0.14099919107324815
69,ptndata_small/1crnA10-14_mess170.obj,136.44421583208646,0.21766055698820969
70,ptndata_small/1crnA7-11_mess171.obj,346.3858621308206,0.17338012809054582
71,ptndata_small/1crnA11-15_mess172.obj,11.958233993651502,0.0
72,ptndata_small/1crnA12-16_mess173.obj,76.14289154138906,0.1618849220926921
73,ptndata_small/1crnA12-16_mess174.obj,152.3817530497783,0.15340032712401502
74,ptndata_small/1crnA14-18_mess175.obj,113.55295838123058,0.12409655619973578
75,ptndata_small/1crnA10-14_mess176.obj,255.73445240190057,0.19746612939654865
76,ptndata_small/1crnA13-17_mess177.obj,109.5980735115426,0.1716620898856938
77,ptndata_small/1crnA14-18_mess178.obj,160.07737899072413,0.14172103255161214
78,ptndata_small/1crnA7-11_mess179.obj,366.8770553653951,0.15801880461466367
79,ptndata_small/1crnA10-14_mess180.obj,11.958233993651502,0.0
80,ptndata_small/1crnA11-15_mess181.obj,62.644642343814716,0.16984386577984195
81,ptndata_small/1crnA7-11_mess182.obj,191.08341984240798,0.16261057628329212
82,ptndata_small/1crnA14-18_mess183.obj,220.69120070299672,0.188642633999406
83,ptndata_small/1crnA11-15_mess184.obj,11.958233993651502,0.0
84,ptndata_small/1crnA9-13_mess185.obj,153.97103026992153,0.1373425961685579
85,ptndata_small/1crnA8-12_mess186.obj,166.76284056268923,0.11103883740798877
86,ptndata_small/1crnA14-18_mess187.obj,104.14061968960905,0.1510659944345894
87,ptndata_small/1crnA8-12_mess188.obj,319.18831948792314,0.17145727737512265
88,ptndata_small/1crnA9-13_mess189.obj,57.478616650624495,0.1508732374358353
89,ptndata_small/1crnA14-18_mess190.obj,508.55319317383135,0.19872111187196426
90,ptndata_small/1crnA12-16_mess191.obj,11.958233993651502,0.0
91,ptndata_small/1crnA7-11_mess192.obj,13.255784713412645,0.0
92,ptndata_small/1crnA8-12_mess193.obj,66.59999763177821,0.13516765650794224
93,ptndata_small/1crnA10-14_mess194.obj,354.74887387350145,0.2404094218717873
94,ptndata_small/1crnA11-15_mess195.obj,122.85243467393516,0.12768147364309787
95,ptndata_small/1crnA14-18_mess196.obj,382.11665220528647,0.16771490779793247
96,ptndata_small/1crnA10-14_mess197.obj,253.68291822212925,0.16408375396514605
97,ptndata_small/1crnA7-11_mess198.obj,100.25579986265123,0.16390464465806653
98,ptndata_small/1crnA13-17_mess199.obj,58.998425560023996,0.14152651578869474
99,ptndata_small/1crnA11-15_mess200.obj,200.6811388274248,0.18528353346097898
100,ptndata_small/1crnA10-14_mess201.obj,120.60399580494264,0.1818553972154089
101,ptndata_small/1crnA9-13_mess202.obj,137.98553485828543,0.14995133426736154
102,ptndata_small/1crnA11-15_mess203.obj,183.41422183114696,0.16005961126506318
103,ptndata_small/1crnA8-12_mess204.obj,214.82588077696036,0.16269963572611776
104,ptndata_small/1crnA14-18_mess205.obj,98.93054661006259,0.239177781035906
105,ptndata_small/1crnA7-11_mess206.obj,239.72893021993903,0.18540298885933834
106,ptndata_small/1crnA13-17_mess207.obj,11.958233993651502,0.0
107,ptndata_small/1crnA12-16_mess208.obj,213.9848149619621,0.1645531722639538
108,ptndata_small/1crnA14-18_mess209.obj,166.68340229839427,0.20087091376598135
109,ptndata_small/1crnA7-11_mess210.obj,410.8587879709591,0.13345358802642698
110,ptndata_small/1crnA9-13_mess211.obj,134.22475802937606,0.19698411579171135
111,ptndata_small/1crnA7-11_mess212.obj,13.255784713412645,0.0
112,ptndata_small/1crnA14-18_mess213.obj,101.37224712156343,0.1943852292893767
113,ptndata_small/1crnA14-18_mess214.obj,120.95640138167364,0.17434680365973831
114,ptndata_small/1crnA13-17_mess215.obj,299.32369298579187,0.12858252645790075
115,ptndata_small/1crnA13-17_mess216.obj,258.074643072382,0.14840189806383744
116,ptndata_small/1crnA14-18_mess217.obj,140.46951858132854,0.1693959454601104
117,ptndata_small/1crnA14-18_mess218.obj,484.9010093378074,0.14588855838372633
118,ptndata_small/1crnA8-12_mess219.obj,286.7146467308796,0.10180984268215988
119,ptndata_small/1crnA10-14_mess220.obj,102.71912805438309,0.157368815655654
120,ptndata_small/1crnA9-13_mess221.obj,290.5025705278227,0.14754628014804416
121,ptndata_small/1crnA11-15_mess222.obj,236.70479340575318,0.2051566991181099
122,ptndata_small/1crnA9-13_mess223.obj,96.16976306997442,0.14223190994690432
123,ptndata_small/1crnA11-15_mess224.obj,161.419430146695,0.16656429435803338
124,ptndata_small/1crnA11-15_mess225.obj,235.42074788155224,0.11250954712130347
125,ptndata_small/1crnA10-14_mess226.obj,109.80704993447512,0.17509004124746114
126,ptndata_small/1crnA13-17_mess227.obj,69.69027133477509,0.11204374315521376
127,ptndata_small/1crnA7-11_mess228.obj,229.38788855707242,0.17620955893179618
128,ptndata_small/1crnA7-11_mess229.obj,149.81151048577863,0.15862889099305688
129,ptndata_small/1crnA8-12_mess230.obj,91.84893192090958,0.15379684420966358
130,ptndata_small/1crnA11-15_mess231.obj,44.28294997431739,0.14152779862396422
131,ptndata_small/1crnA13-17_mess232.obj,112.52568636627785,0.2281349104661955
132,ptndata_small/1crnA9-13_mess233.obj,185.2618159063081,0.17705482990931248
133,ptndata_small/1crnA13-17_mess234.obj,219.4501513123653,0.16207954851826534
134,ptndata_small/1crnA7-11_mess235.obj,447.2315605280108,0.1797746034203703
135,ptndata_small/1crnA9-13_mess236.obj,252.3698346584993,0.15145232597122787
136,ptndata_small/1crnA8-12_mess237.obj,153.25561991950497,0.17270179948237946
137,ptndata_small/1crnA8-12_mess238.obj,321.9858474145699,0.12492558604210202
138,ptndata_small/1crnA14-18_mess239.obj,115.69603137159928,0.15446213106223247
139,ptndata_small/1crnA7-11_mess240.obj,273.3513046328962,0.15851293772639016
140,ptndata_small/1crnA13-17_mess241.obj,11.958233993651502,0.0
141,ptndata_small/1crnA10-14_mess242.obj,159.96712292085888,0.18478960498253866
142,ptndata_small/1crnA14-18_mess243.obj,335.62019373191447,0.15174989932921465
143,ptndata_small/1crnA8-12_mess244.obj,11.958233993651502,0.0
144,ptndata_small/1crnA10-14_mess245.obj,226.55722827430344,0.221966889109594
145,ptndata_small/1crnA12-16_mess246.obj,11.958233993651502,0.0
146,ptndata_small/1crnA14-18_mess247.obj,230.09587676860687,0.16034989780205175
147,ptndata_small/1crnA14-18_mess248.obj,545.1803118863703,0.15636910321656242
148,ptndata_small/1crnA8-12_mess249.obj,11.958233993651502,0.0
149,ptndata_small/1crnA8-12_mess250.obj,11.958233993651502,0.0
150,ptndata_small/1crnA11-15_mess251.obj,11.958233993651502,0.0
151,ptndata_small/1crnA7-11_mess252.obj,140.6355384543664,0.16806447632853108
152,ptndata_small/1crnA8-12_mess253.obj,125.56111187890616,0.1706199154902197
153,ptndata_small/1crnA10-14_mess254.obj,217.53819321391015,0.12769971558937745
154,ptndata_small/1crnA7-11_mess255.obj,13.255784713412645,0.0
155,ptndata_small/1crnA13-17_mess256.obj,160.86605365011937,0.14058760824967248
156,ptndata_small/1crnA7-11_mess257.obj,69.04240809287643,0.17270160043226138
157,ptndata_small/1crnA7-11_mess258.obj,231.26983207950138,0.1432149826771597
158,ptndata_small/1crnA12-16_mess259.obj,172.12857549062585,0.16155647167125198
159,ptndata_small/1crnA9-13_mess260.obj,141.99594206027606,0.13930064858974664
160,ptndata_small/1crnA13-17_mess261.obj,173.5203527929364,0.15249041168802965
161,ptndata_small/1crnA7-11_mess262.obj,388.75861823947747,0.19321619786254768
162,ptndata_small/1crnA14-18_mess263.obj,173.87953533618992,0.18719432896424684
163,ptndata_small/1crnA10-14_mess264.obj,158.87981993831713,0.13124343655706827
164,ptndata_small/1crnA13-17_mess265.obj,239.0359915082304,0.15319539389924786
165,ptndata_small/1crnA13-17_mess266.obj,357.15908029864073,0.15016965498271811
166,ptndata_small/1crnA7-11_mess267.obj,653.3195731819993,0.19533682596309207
167,ptndata_small/1crnA9-13_mess268.obj,223.66342170579682,0.17599032147358612
168,ptndata_small/1crnA12-16_mess269.obj,123.91051819791494,0.11649313897541795
169,ptndata_small/1crnA11-15_mess270.obj,125.44703070123114,0.12992625978278466
170,ptndata_small/1crnA13-17_mess271.obj,286.93146006068736,0.1710966121744129
171,ptndata_small/1crnA8-12_mess272.obj,185.4192011058763,0.18955653049209065
172,ptndata_small/1crnA11-15_mess273.obj,72.48427465055703,0.130904838178888
173,ptndata_small/1crnA13-17_mess274.obj,11.958233993651502,0.0
174,ptndata_small/1crnA10-14_mess275.obj,140.7580242280828,0.1790243781502902
175,ptndata_small/1crnA7-11_mess276.obj,371.1701095187705,0.1709459150140702
176,ptndata_small/1crnA13-17_mess277.obj,11.958233993651502,0.0
177,ptndata_small/1crnA9-13_mess278.obj,251.98957065056146,0.17008147289273973
178,ptndata_small/1crnA10-14_mess279.obj,149.9352497348691,0.12776469732322754
179,ptndata_small/1crnA14-18_mess280.obj,145.14217657579326,0.16475010450944666
180,ptndata_small/1crnA13-17_mess281.obj,162.81156633555102,0.20510966763695807
181,ptndata_small/1crnA14-18_mess282.obj,91.37968855558836,0.16553719593022925
182,ptndata_small/1crnA12-16_mess283.obj,112.32276983726948,0.16502617211695814
183,ptndata_small/1crnA12-16_mess284.obj,11.958233993651502,0.0
184,ptndata_small/1crnA12-16_mess285.obj,126.5953429874017,0.1077601752751294
185,ptndata_small/1crnA9-13_mess286.obj,11.958233993651502,0.0
186,ptndata_small/1crnA14-18_mess287.obj,86.32930315052654,0.17221496749349566
187,ptndata_small/1crnA13-17_mess288.obj,138.70142001052716,0.17302154460825994
188,ptndata_small/1crnA11-15_mess289.obj,133.81716244295143,0.1513473440245554
189,ptndata_small/1crnA7-11_mess290.obj,132.59634085659877,0.13014249673413772
190,ptndata_small/1crnA10-14_mess291.obj,429.28188925446335,0.15723396211414986
191,ptndata_small/1crnA8-12_mess292.obj,11.958233993651502,0.0
192,ptndata_small/1crnA7-11_mess293.obj,240.4143745786076,0.15615567146621911
193,ptndata_small/1crnA12-16_mess294.obj,158.31697398288932,0.13071257966018618
194,ptndata_small/1crnA9-13_mess295.obj,242.88496345026425,0.1760306004819672
195,ptndata_small/1crnA12-16_mess296.obj,171.92412163691003,0.16826171278828472
196,ptndata_small/1crnA13-17_mess297.obj,115.11016058195172,0.16078867455692264
197,ptndata_small/1crnA8-12_mess298.obj,107.79288474027331,0.1392715771521152
198,ptndata_small/1crnA8-12_mess299.obj,11.958233993651502,0.0
199,ptndata_small/1crnA9-13_mess300.obj,113.03276018931416,0.1912635658598541
200,ptndata_small/1crnA11-15_mess301.obj,51.41979241248693,0.1409345926712055
201,ptndata_small/1crnA12-16_mess302.obj,108.82242030291084,0.13234100749124084
202,ptndata_small/1crnA8-12_mess303.obj,307.96732606713005,0.16632141941062842
203,ptndata_small/1crnA7-11_mess304.obj,159.58923560587343,0.14302228662445396
204,ptndata_small/1crnA11-15_mess305.obj,161.74494623339882,0.15003759329770067
205,ptndata_small/1crnA11-15_mess306.obj,117.1573865983585,0.17008019906960553
206,ptndata_small/1crnA7-11_mess307.obj,116.19963993806923,0.12642611983208615
207,ptndata_small/1crnA11-15_mess308.obj,167.6855336452213,0.16013060966189646
208,ptndata_small/1crnA10-14_mess309.obj,11.958233993651502,0.0
209,ptndata_small/1crnA11-15_mess310.obj,127.89871632795193,0.16203372048170148
210,ptndata_small/1crnA9-13_mess311.obj,305.05656020696836,0.14910141808840288
211,ptndata_small/1crnA13-17_mess312.obj,11.958233993651502,0.0
212,ptndata_small/1crnA13-17_mess313.obj,235.52362835542957,0.19032128065939632
213,ptndata_small/1crnA8-12_mess314.obj,297.49815175881895,0.16572874477618674
214,ptndata_small/1crnA14-18_mess315.obj,105.95532417843992,0.15341669084635234
215,ptndata_small/1crnA7-11_mess316.obj,86.7772092130278,0.1359741413012751
216,ptndata_small/1crnA11-15_mess317.obj,81.98774131746285,0.12019870797075564
217,ptndata_small/1crnA12-16_mess318.obj,11.958233993651502,0.0
218,ptndata_small/1crnA8-12_mess319.obj,203.6699177924074,0.17537705504258866
219,ptndata_small/1crnA11-15_mess320.obj,102.1515875125088,0.1434958431725524
220,ptndata_small/1crnA13-17_mess321.obj,182.92741418407132,0.1535558957375394
221,ptndata_small/1crnA12-16_mess322.obj,49.46658316103303,0.15181535900435406
222,ptndata_small/1crnA14-18_mess323.obj,270.69593642844194,0.15839027592816274
223,ptndata_small/1crnA9-13_mess324.obj,146.82215372868876,0.19365292780751187
224,ptndata_small/1crnA14-18_mess325.obj,214.05779811202822,0.17035538285409396
225,ptndata_small/1crnA10-14_mess326.obj,381.49299050497353,0.16143910472705
226,ptndata_small/1crnA7-11_mess327.obj,339.1548673045894,0.15817810606289076
227,ptndata_small/1crnA13-17_mess328.obj,212.7761786958804,0.15263921912873502
228,ptndata_small/1crnA11-15_mess329.obj,129.02067766005942,0.12300343594974918
229,ptndata_small/1crnA9-13_mess330.obj,47.33562660482696,0.10869737248171056
230,ptndata_small/1crnA13-17_mess331.obj,210.9628245801109,0.21800734824997228
231,ptndata_small/1crnA7-11_mess332.obj,288.2312707033213,0.17788638248877253
232,ptndata_small/1crnA9-13_mess333.obj,146.32652010451184,0.1676057537161239
233,ptndata_small/1crnA7-11_mess334.obj,162.86453594186776,0.15310085016039435
234,ptndata_small/1crnA8-12_mess335.obj,152.00533872516598,0.15747554785334944
235,ptndata_small/1crnA11-15_mess336.obj,116.84299632341559,0.16511845501370406
236,ptndata_small/1crnA14-18_mess337.obj,229.21195872806587,0.1727474071719937
237,ptndata_small/1crnA12-16_mess338.obj,310.5926965370847,0.18734513232848332
238,ptndata_small/1crnA10-14_mess339.obj,113.30602298848578,0.18843400945322705
239,ptndata_small/1crnA9-13_mess340.obj,266.13093588365297,0.15066489968901153
240,ptndata_small/1crnA11-15_mess341.obj,134.94720480806401,0.14835799176610914
241,ptndata_small/1crnA10-14_mess342.obj,141.90798332720044,0.16014798152165144
242,ptndata_small/1crnA13-17_mess343.obj,93.75551431506297,0.14987624928819535
243,ptndata_small/1crnA12-16_mess344.obj,129.4873669825204,0.15509686472513742
244,ptndata_small/1crnA14-18_mess345.obj,116.38009297107958,0.1368767042460643
245,ptndata_small/1crnA11-15_mess346.obj,357.5609221210896,0.1624326130359872
246,ptndata_small/1crnA10-14_mess347.obj,74.91843677194181,0.12041391204343944
247,ptndata_small/1crnA13-17_mess348.obj,351.3183259065786,0.17161608552113747
248,ptndata_small/1crnA14-18_mess349.obj,149.44282819754534,0.14125792663588682
249,ptndata_small/1crnA8-12_mess350.obj,192.29358926044955,0.144117765212984
250,ptndata_small/1crnA10-14_mess351.obj,125.0192004019816,0.1553303453913286
251,ptndata_small/1crnA9-13_mess352.obj,156.56882392638738,0.14125733183925532
252,ptndata_small/1crnA14-18_mess353.obj,77.1758309639376,0.135994145106194
253,ptndata_small/1crnA12-16_mess354.obj,68.03467324559351,0.1953492128942622
254,ptndata_small/1crnA12-16_mess355.obj,306.0032298618865,0.12781352495496195
255,ptndata_small/1crnA12-16_mess356.obj,297.38304051820734,0.15274874166110675
256,ptndata_small/1crnA13-17_mess357.obj,11.958233993651502,0.0
257,ptndata_small/1crnA9-13_mess358.obj,51.07788209299034,0.17281183473817738
258,ptndata_small/1crnA12-16_mess359.obj,150.95672063847857,0.15157466568167768
259,ptndata_small/1crnA8-12_mess360.obj,103.19952776717206,0.16032272253970006
260,ptndata_small/1crnA12-16_mess361.obj,272.7282799684222,0.19993939280040424
261,ptndata_small/1crnA10-14_mess362.obj,84.49719138049616,0.1595266171201662
262,ptndata_small/1crnA10-14_mess363.obj,132.26462584631076,0.16883692044477092
263,ptndata_small/1crnA10-14_mess364.obj,88.4551271070597,0.1400799362042421
264,ptndata_small/1crnA8-12_mess365.obj,154.08036810737102,0.14745910746840096
265,ptndata_small/1crnA11-15_mess366.obj,11.958233993651502,0.0
266,ptndata_small/1crnA7-11_mess367.obj,111.8163636520038,0.1382482986776734
267,ptndata_small/1crnA8-12_mess368.obj,137.3220252957344,0.16093738835040058
268,ptndata_small/1crnA13-17_mess369.obj,121.3979235007318,0.21057279293266104
269,ptndata_small/1crnA12-16_mess370.obj,225.16172394575852,0.13059886661130302
270,ptndata_small/1crnA14-18_mess371.obj,155.77072731706397,0.19810718993569806
271,ptndata_small/1crnA11-15_mess372.obj,184.06641459950515,0.1310537438088683
272,ptndata_small/1crnA9-13_mess373.obj,136.8336662812695,0.14183684066724342
273,ptndata_small/1crnA13-17_mess374.obj,200.60748500861385,0.09731636556494347
274,ptndata_small/1crnA14-18_mess375.obj,371.1459736165744,0.19179881073482408
275,ptndata_small/1crnA9-13_mess376.obj,138.13086611172042,0.1503691728748829
276,ptndata_small/1crnA14-18_mess377.obj,286.00539366416257,0.13832241772620205
277,ptndata_small/1crnA7-11_mess378.obj,343.2920035833511,0.21644155854389815
278,ptndata_small/1crnA8-12_mess379.obj,102.16276479899246,0.19960986895245295
279,ptndata_small/1crnA9-13_mess380.obj,11.958233993651502,0.0
280,ptndata_small/1crnA7-11_mess381.obj,292.605167127397,0.15067610548315602
281,ptndata_small/1crnA9-13_mess382.obj,285.0058416399883,0.2043453089767275
282,ptndata_small/1crnA11-15_mess383.obj,217.92031632076663,0.18148661618608825
283,ptndata_small/1crnA11-15_mess384.obj,379.0427977333129,0.14630273896438736
284,ptndata_small/1crnA14-18_mess385.obj,171.5152539457048,0.17336460920839142
285,ptndata_small/1crnA10-14_mess386.obj,122.98973020621125,0.13787816301707811
286,ptndata_small/1crnA9-13_mess387.obj,118.90833761061026,0.136094061999273
287,ptndata_small/1crnA10-14_mess388.obj,340.10316672695814,0.11697289374992287
288,ptndata_small/1crnA10-14_mess389.obj,175.94177380405728,0.1127749391251444
289,ptndata_small/1crnA11-15_mess390.obj,209.87010503488483,0.14666598193577185
290,ptndata_small/1crnA13-17_mess391.obj,87.23508456442629,0.1818657138292012
291,ptndata_small/1crnA9-13_mess392.obj,86.58358296479044,0.15910718024281786
292,ptndata_small/1crnA14-18_mess393.obj,472.33481116275385,0.17337813633644944
293,ptndata_small/1crnA14-18_mess394.obj,318.7949988165809,0.19735004351754032
294,ptndata_small/1crnA11-15_mess395.obj,106.55869004072956,0.17995038719892426
295,ptndata_small/1crnA13-17_mess396.obj,236.0373092523,0.16630736321805714
296,ptndata_small/1crnA7-11_mess397.obj,460.6240824004482,0.16803107262240274
297,ptndata_small/1crnA11-15_mess398.obj,180.35477622739052,0.2027586418076001
298,ptndata_small/1crnA9-13_mess399.obj,377.9530286768813,0.1835581673618552
299,ptndata_small/1crnA11-15_mess400.obj,302.3383975868896,0.132109452611959
300,ptndata_small/1crnA8-12_mess401.obj,335.8318199693925,0.1649736289934904
301,ptndata_small/1crnA10-14_mess402.obj,266.2798365855457,0.10869545241704263
302,ptndata_small/1crnA13-17_mess403.obj,516.8960031214192,0.1850080609768458
303,ptndata_small/1crnA7-11_mess404.obj,104.26157530446287,0.2039150159946204
304,ptndata_small/1crnA9-13_mess405.obj,459.1547297194873,0.16414530193437027
305,ptndata_small/1crnA9-13_mess406.obj,420.0654066519876,0.15984538248860378
306,ptndata_small/1crnA7-11_mess407.obj,114.4308671049135,0.12153811193410947
307,ptndata_small/1crnA9-13_mess408.obj,133.84490969616795,0.15551597884179832
308,ptndata_small/1crnA12-16_mess409.obj,192.4948348945195,0.1438856828740666
309,ptndata_small/1crnA14-18_mess410.obj,13.515717424514776,0.0
310,ptndata_small/1crnA7-11_mess411.obj,140.8943414160462,0.2012719463218588
311,ptndata_small/1crnA13-17_mess412.obj,69.3151210189818,0.11947060727645745
312,ptndata_small/1crnA8-12_mess413.obj,141.88851132611228,0.14074492285450566
313,ptndata_small/1crnA10-14_mess414.obj,126.56825559591135,0.13439280603319348
314,ptndata_small/1crnA13-17_mess415.obj,182.14484062133582,0.16457831086111782
315,ptndata_small/1crnA11-15_mess416.obj,303.330871335898,0.14014879999610932
316,ptndata_small/1crnA14-18_mess417.obj,353.21974613640145,0.18708051627308167
317,ptndata_small/1crnA13-17_mess418.obj,357.72475978775714,0.12284078060335
318,ptndata_small/1crnA13-17_mess419.obj,11.958233993651502,0.0
319,ptndata_small/1crnA7-11_mess420.obj,63.44182310267702,0.1734870206826962
320,ptndata_small/1crnA12-16_mess421.obj,223.49961516849655,0.1575845327596618
321,ptndata_small/1crnA12-16_mess422.obj,484.55600670517,0.16406847236176875
322,ptndata_small/1crnA10-14_mess423.obj,288.4629590166129,0.1299338764001323
323,ptndata_small/1crnA12-16_mess424.obj,105.69217279391027,0.17658007141684426
324,ptndata_small/1crnA12-16_mess425.obj,114.57197185034923,0.1374391636814025
325,ptndata_small/1crnA13-17_mess426.obj,286.71394467660707,0.2059368353606169
326,ptndata_small/1crnA8-12_mess427.obj,172.0802594769419,0.14988589851709894
327,ptndata_small/1crnA12-16_mess428.obj,89.76773475346847,0.1097539052246903
328,ptndata_small/1crnA10-14_mess429.obj,116.40932852173735,0.1861413083726722
329,ptndata_small/1crnA14-18_mess430.obj,416.70841250936445,0.16477088334874873
330,ptndata_small/1crnA9-13_mess431.obj,123.95922565069719,0.17825236651386536
331,ptndata_small/1crnA11-15_mess432.obj,111.04537629523551,0.1427350568739876
332,ptndata_small/1crnA10-14_mess433.obj,166.2956562860626,0.14935515377327818
333,ptndata_small/1crnA11-15_mess434.obj,101.6875009522253,0.12169671296804478
334,ptndata_small/1crnA14-18_mess435.obj,123.1372898904518,0.1555113989614431
335,ptndata_small/1crnA7-11_mess436.obj,237.80759709054317,0.15813971779442787
336,ptndata_small/1crnA11-15_mess437.obj,114.7007232170352,0.15289666251426584
337,ptndata_small/1crnA13-17_mess438.obj,144.64764160564425,0.1433949764547185
338,ptndata_small/1crnA11-15_mess439.obj,319.9611471977571,0.14487863531010978
339,ptndata_small/1crnA14-18_mess440.obj,13.515717424514776,0.0
340,ptndata_small/1crnA12-16_mess441.obj,103.82479803383242,0.15282901264301815
341,ptndata_small/1crnA8-12_mess442.obj,144.52527870263543,0.1877851101804784
342,ptndata_small/1crnA12-16_mess443.obj,185.60330172916642,0.1485497088864454
343,ptndata_small/1crnA8-12_mess444.obj,360.8012658145644,0.2085433518344344
344,ptndata_small/1crnA14-18_mess445.obj,199.08253305671863,0.16635744796013674
345,ptndata_small/1crnA11-15_mess446.obj,166.63844505571288,0.16921805314586855
346,ptndata_small/1crnA8-12_mess447.obj,79.43789502326612,0.17827316364766216
347,ptndata_small/1crnA9-13_mess448.obj,127.07977621599078,0.1695662979790416
348,ptndata_small/1crnA14-18_mess449.obj,346.89020417979805,0.1596846262071076
349,ptndata_small/1crnA13-17_mess450.obj,178.1526800715942,0.14080916365936325
350,ptndata_small/1crnA11-15_mess451.obj,289.8915173051382,0.13816381270448622
351,ptndata_small/1crnA8-12_mess452.obj,149.50969186495362,0.17851160084596426
352,ptndata_small/1crnA12-16_mess453.obj,221.52444509834,0.2012127293390506
353,ptndata_small/1crnA13-17_mess454.obj,393.9826429431877,0.1632920846890279
354,ptndata_small/1crnA12-16_mess455.obj,69.18749038024865,0.1235491529844173
355,ptndata_small/1crnA13-17_mess456.obj,254.35540169230347,0.18173054130240124
356,ptndata_small/1crnA7-11_mess457.obj,13.255784713412645,0.0
357,ptndata_small/1crnA11-15_mess458.obj,122.28810340785574,0.1114969957460624
358,ptndata_small/1crnA10-14_mess459.obj,98.4730551571253,0.16326083558006646
359,ptndata_small/1crnA11-15_mess460.obj,88.35348344774941,0.12526499584576922
360,ptndata_small/1crnA7-11_mess461.obj,103.12015758760927,0.17725848862722907
361,ptndata_small/1crnA8-12_mess462.obj,88.46630792195629,0.17062847040719753
362,ptndata_small/1crnA9-13_mess463.obj,262.33198741996426,0.15447635645258098
363,ptndata_small/1crnA8-12_mess464.obj,62.83877700086524,0.1520370423816935
364,ptndata_small/1crnA14-18_mess465.obj,181.1237905916797,0.17706590700898767
365,ptndata_small/1crnA7-11_mess466.obj,317.28002571061785,0.2043710993618796
366,ptndata_small/1crnA10-14_mess467.obj,199.62802990277424,0.14562231387420865
367,ptndata_small/1crnA10-14_mess468.obj,99.86253331357115,0.16803732556779802
368,ptndata_small/1crnA8-12_mess469.obj,193.50505709052646,0.14935320042922676
369,ptndata_small/1crnA12-16_mess470.obj,76.66840680615691,0.1246997217275752
370,ptndata_small/1crnA8-12_mess471.obj,134.84549735923179,0.18752008426064076
371,ptndata_small/1crnA10-14_mess472.obj,11.958233993651502,0.0
372,ptndata_small/1crnA8-12_mess473.obj,200.89833340240563,0.17507496289455352
373,ptndata_small/1crnA10-14_mess474.obj,91.34881724986047,0.20931040886081348
374,ptndata_small/1crnA11-15_mess475.obj,106.92708324445069,0.16773838279707967
375,ptndata_small/1crnA8-12_mess476.obj,129.98776313204166,0.14549414315671402
376,ptndata_small/1crnA13-17_mess477.obj,11.958233993651502,0.0
377,ptndata_small/1crnA12-16_mess478.obj,58.08035113502355,0.14102889115534042
378,ptndata_small/1crnA14-18_mess479.obj,231.93349289096184,0.1326182564083518
379,ptndata_small/1crnA7-11_mess480.obj,455.6602754992241,0.17484139708822696
380,ptndata_small/1crnA10-14_mess481.obj,201.45685489546787,0.12364747906584275
381,ptndata_small/1crnA13-17_mess482.obj,159.83826659628613,0.18774330195711803
382,ptndata_small/1crnA11-15_mess483.obj,11.958233993651502,0.0
383,ptndata_small/1crnA10-14_mess484.obj,228.3657952720108,0.13902722883000865
384,ptndata_small/1crnA9-13_mess485.obj,226.12113278375386,0.1735427422526991
385,ptndata_small/1crnA7-11_mess486.obj,165.8282595841599,0.1224675896457466
386,ptndata_small/1crnA13-17_mess487.obj,167.9345249600418,0.13931545486414962
387,ptndata_small/1crnA7-11_mess488.obj,100.83771751834585,0.16722624996427635
388,ptndata_small/1crnA8-12_mess489.obj,11.958233993651502,0.0
389,ptndata_small/1crnA8-12_mess490.obj,306.8639223443986,0.18758507827752044
390,ptndata_small/1crnA13-17_mess491.obj,87.2830543551945,0.14828684736272246
391,ptndata_small/1crnA10-14_mess492.obj,379.6761900421489,0.16670113422935126
392,ptndata_small/1crnA8-12_mess493.obj,36.75429060091775,0.18696716639649244
393,ptndata_small/1crnA8-12_mess494.obj,173.1855984861676,0.14372958781883366
394,ptndata_small/1crnA9-13_mess495.obj,343.11507685826683,0.15284659184163893
395,ptndata_small/1crnA7-11_mess496.obj,172.94107279735042,0.14018205890554708
396,ptndata_small/1crnA12-16_mess497.obj,128.88302333100913,0.12469339675056253
397,ptndata_small/1crnA9-13_mess498.obj,150.00754598527232,0.1568918533529783
398,ptndata_small/1crnA13-17_mess499.obj,11.958233993651502,0.0
399,ptndata_small/1crnA14-18_mess500.obj,288.0044803665145,0.17550621998508406
400,ptndata_small/1crnA14-18_mess501.obj,137.32943043032273,0.1313406990469749
401,ptndata_small/1crnA11-15_mess502.obj,228.09774179582925,0.2797328699874782
402,ptndata_small/1crnA12-16_mess503.obj,11.958233993651502,0.0
403,ptndata_small/1crnA8-12_mess504.obj,191.7094658680051,0.1394446685643735
404,ptndata_small/1crnA8-12_mess505.obj,240.12892132030646,0.137919046844511
405,ptndata_small/1crnA8-12_mess506.obj,174.68275746348115,0.13463911540259713
406,ptndata_small/1crnA7-11_mess507.obj,105.27273754398472,0.11763618658164175
407,ptndata_small/1crnA10-14_mess508.obj,150.2800130651149,0.1548084746695519
408,ptndata_small/1crnA10-14_mess509.obj,202.00337676409825,0.15817501465170328
409,ptndata_small/1crnA11-15_mess510.obj,151.47849884308854,0.16439853693564466
410,ptndata_small/1crnA8-12_mess511.obj,273.8285084922077,0.17773980505381826
411,ptndata_small/1crnA12-16_mess512.obj,323.3836924390078,0.17189763943657202
412,ptndata_small/1crnA14-18_mess513.obj,181.16882860031032,0.1203746780704582
413,ptndata_small/1crnA12-16_mess514.obj,133.04453724499822,0.1663885847483511
414,ptndata_small/1crnA10-14_mess515.obj,223.61740390737359,0.14242428984064412
415,ptndata_small/1crnA11-15_mess516.obj,198.9794621067714,0.18966990570710854
416,ptndata_small/1crnA10-14_mess517.obj,11.958233993651502,0.0
417,ptndata_small/1crnA14-18_mess518.obj,211.00687480458168,0.1815172248691546
418,ptndata_small/1crnA13-17_mess519.obj,188.58478810104725,0.14486613413701271
419,ptndata_small/1crnA10-14_mess520.obj,69.84558775860803,0.16423634015724034
420,ptndata_small/1crnA8-12_mess521.obj,74.63434402951505,0.13564325063345015
421,ptndata_small/1crnA7-11_mess522.obj,157.59329601477324,0.1714573309546948
422,ptndata_small/1crnA9-13_mess523.obj,128.02870413086706,0.1541811751062619
423,ptndata_small/1crnA12-16_mess524.obj,173.06255215663066,0.1829547430972688
424,ptndata_small/1crnA12-16_mess525.obj,101.35475914100073,0.1535720434692078
425,ptndata_small/1crnA11-15_mess526.obj,287.15269368930865,0.1451642947649425
426,ptndata_small/1crnA13-17_mess527.obj,364.0822781545297,0.16838280049544216
427,ptndata_small/1crnA14-18_mess528.obj,192.7438583673809,0.16323118563996472
428,ptndata_small/1crnA10-14_mess529.obj,110.59723651898682,0.15125184526775504
429,ptndata_small/1crnA8-12_mess530.obj,85.48524565317977,0.1866803400899785
430,ptndata_small/1crnA14-18_mess531.obj,13.515717424514776,0.0
431,ptndata_small/1crnA9-13_mess532.obj,205.33409071767838,0.22469207963804694
432,ptndata_small/1crnA12-16_mess533.obj,114.57184810038171,0.15850953927711284
433,ptndata_small/1crnA11-15_mess534.obj,11.958233993651502,0.0
434,ptndata_small/1crnA7-11_mess535.obj,198.68951633615876,0.19200872392832136
435,ptndata_small/1crnA13-17_mess536.obj,81.25455462834039,0.15649955006392552
436,ptndata_small/1crnA11-15_mess537.obj,148.1041200597119,0.18335723229176806
437,ptndata_small/1crnA12-16_mess538.obj,251.3441732053936,0.17057645346005998
438,ptndata_small/1crnA9-13_mess539.obj,70.83195745271621,0.14994258566157878
439,ptndata_small/1crnA10-14_mess540.obj,172.73078623320657,0.1531802147181411
440,ptndata_small/1crnA12-16_mess541.obj,170.5749177085634,0.16325039844381936
441,ptndata_small/1crnA7-11_mess542.obj,134.56507318232028,0.14134895586230306
442,ptndata_small/1crnA11-15_mess543.obj,228.86408981548584,0.15459679975110702
443,ptndata_small/1crnA13-17_mess544.obj,282.92533513339976,0.1564364713010022
444,ptndata_small/1crnA12-16_mess545.obj,11.958233993651502,0.0
445,ptndata_small/1crnA14-18_mess546.obj,13.515717424514776,0.0
446,ptndata_small/1crnA13-17_mess547.obj,335.54449722442064,0.18025342581467466
447,ptndata_small/1crnA9-13_mess548.obj,213.91141939264003,0.19255605450234534
448,ptndata_small/1crnA8-12_mess549.obj,133.46126094360434,0.1458872708879083
449,ptndata_small/1crnA11-15_mess550.obj,298.4128890097628,0.12467247048190047
450,ptndata_small/1crnA8-12_mess551.obj,182.5563756122659,0.1322219109773635
451,ptndata_small/1crnA12-16_mess552.obj,194.9908290289336,0.14665321150006252
452,ptndata_small/1crnA9-13_mess553.obj,207.5807050549726,0.18723041475082056
453,ptndata_small/1crnA7-11_mess554.obj,223.86557503557526,0.13020959380401875
454,ptndata_small/1crnA13-17_mess555.obj,122.44238938884993,0.15446330509924605
455,ptndata_small/1crnA7-11_mess556.obj,89.70534691660185,0.1492415553194077
456,ptndata_small/1crnA8-12_mess557.obj,11.958233993651502,0.0
457,ptndata_small/1crnA14-18_mess558.obj,158.20431956965302,0.14127149539191058
458,ptndata_small/1crnA9-13_mess559.obj,130.43084248784848,0.15410604720454238
459,ptndata_small/1crnA10-14_mess560.obj,311.79025027686004,0.1424245942141856
460,ptndata_small/1crnA11-15_mess561.obj,92.8291780782959,0.19946563611515228
461,ptndata_small/1crnA9-13_mess562.obj,541.8851190859035,0.1481209909011919
462,ptndata_small/1crnA8-12_mess563.obj,467.34216144122047,0.16328490130159562
463,ptndata_small/1crnA7-11_mess564.obj,156.537442268726,0.14864065289906606
464,ptndata_small/1crnA10-14_mess565.obj,11.958233993651502,0.0
465,ptndata_small/1crnA10-14_mess566.obj,226.4375239225063,0.170241435857899
466,ptndata_small/1crnA11-15_mess567.obj,178.57697008102204,0.13616551046212094
467,ptndata_small/1crnA7-11_mess568.obj,225.01597116971595,0.16067887193044214
468,ptndata_small/1crnA14-18_mess569.obj,125.86581070141978,0.14328676440566346
469,ptndata_small/1crnA10-14_mess570.obj,227.44238430260867,0.1455168974621467
470,ptndata_small/1crnA12-16_mess571.obj,96.34237311385492,0.11755294407261767
471,ptndata_small/1crnA8-12_mess572.obj,91.02348247943895,0.1928679536690633
472,ptndata_small/1crnA11-15_mess573.obj,439.97964543602416,0.10954017327581997
473,ptndata_small/1crnA14-18_mess574.obj,13.515717424514776,0.0
474,ptndata_small/1crnA8-12_mess575.obj,169.08074456681192,0.14173830201693582
475,ptndata_small/1crnA14-18_mess576.obj,185.0469227822336,0.16828796441640342
476,ptndata_small/1crnA14-18_mess577.obj,155.49575519759074,0.1632820316188024
477,ptndata_small/1crnA9-13_mess578.obj,142.69714205365122,0.13430653463600084
478,ptndata_small/1crnA14-18_mess579.obj,278.15063748719945,0.1426572154658851
479,ptndata_small/1crnA11-15_mess580.obj,406.35925762671064,0.17741523361049696
480,ptndata_small/1crnA8-12_mess581.obj,50.06563277022314,0.13718567325661438
481,ptndata_small/1crnA13-17_mess582.obj,270.9042536867038,0.17951661880955275
482,ptndata_small/1crnA7-11_mess583.obj,335.71993993218564,0.18694353956118276
483,ptndata_small/1crnA8-12_mess584.obj,96.63352209632801,0.1904078688649414
484,ptndata_small/1crnA10-14_mess585.obj,230.61793164385438,0.14794776739137874
485,ptndata_small/1crnA9-13_mess586.obj,399.6217140128354,0.1774902644215925
486,ptndata_small/1crnA11-15_mess587.obj,87.20882631632266,0.12981143322546235
487,ptndata_small/1crnA12-16_mess588.obj,138.7456135367675,0.13791071207927086
488,ptndata_small/1crnA7-11_mess589.obj,107.93630197895362,0.13119302297434687
489,ptndata_small/1crnA12-16_mess590.obj,220.2957162803339,0.17600776060440773
490,ptndata_small/1crnA7-11_mess591.obj,134.75624691679224,0.13347962179094205
491,ptndata_small/1crnA7-11_mess592.obj,208.45244520100934,0.1683316233116829
492,ptndata_small/1crnA11-15_mess593.obj,148.6108215723047,0.17419130746055433
493,ptndata_small/1crnA9-13_mess594.obj,112.5966786978701,0.16068113589437882
494,ptndata_small/1crnA7-11_mess595.obj,97.85498263055894,0.14169145880013734
495,ptndata_small/1crnA13-17_mess596.obj,103.72464600718162,0.1458397267623851
496,ptndata_small/1crnA12-16_mess597.obj,225.6549634917032,0.19537780759719625
497,ptndata_small/1crnA7-11_mess598.obj,233.2231506294154,0.1426714448404625
498,ptndata_small/1crnA8-12_mess599.obj,54.19734942255904,0.14005386182652735
499,ptndata_small/1crnA10-14_mess600.obj,312.16292626998813,0.16310752835251355
500,ptndata_small/1crnA14-18_mess601.obj,165.86660725881794,0.14506365700593318
501,ptndata_small/1crnA12-16_mess602.obj,81.92965960743155,0.17017026016761047
502,ptndata_small/1crnA10-14_mess603.obj,375.17111093404174,0.1968316377270043
503,ptndata_small/1crnA9-13_mess604.obj,144.21995634318242,0.18002452833002727
504,ptndata_small/1crnA11-15_mess605.obj,61.88064814030067,0.2150715130309122
505,ptndata_small/1crnA12-16_mess606.obj,212.31660725221883,0.15515824050154053
506,ptndata_small/1crnA10-14_mess607.obj,127.48375365926009,0.2161235947707761
507,ptndata_small/1crnA7-11_mess608.obj,194.34596636590754,0.14829113085833812
508,ptndata_small/1crnA8-12_mess609.obj,232.04811404234482,0.16886329839573208
509,ptndata_small/1crnA13-17_mess610.obj,171.37910080911954,0.17419279990338804
510,ptndata_small/1crnA11-15_mess611.obj,77.6602951053473,0.13278786167041978
511,ptndata_small/1crnA14-18_mess612.obj,107.93688368967923,0.12337271369320532
512,ptndata_small/1crnA13-17_mess613.obj,175.9377748738085,0.1514584266536501
513,ptndata_small/1crnA12-16_mess614.obj,226.62322403102627,0.17514522174623615
514,ptndata_small/1crnA13-17_mess615.obj,127.42901690552648,0.11341866460216747
515,ptndata_small/1crnA10-14_mess616.obj,611.6577713544967,0.18417192315318576
516,ptndata_small/1crnA11-15_mess617.obj,163.34614744763246,0.1834893394138113
517,ptndata_small/1crnA13-17_mess618.obj,269.2775049328031,0.13135061383255067
518,ptndata_small/1crnA14-18_mess619.obj,98.20043456193348,0.15288975778477099
519,ptndata_small/1crnA14-18_mess620.obj,115.43732787526883,0.20362922647772527
520,ptndata_small/1crnA14-18_mess621.obj,13.515717424514776,0.0
521,ptndata_small/1crnA8-12_mess622.obj,137.3592869429472,0.17000032864617373
522,ptndata_small/1crnA11-15_mess623.obj,156.12518761737311,0.1611329799292474
523,ptndata_small/1crnA7-11_mess624.obj,206.8703188720398,0.15051561078480696
524,ptndata_small/1crnA8-12_mess625.obj,108.93666937828111,0.195116504792544
525,ptndata_small/1crnA9-13_mess626.obj,310.09166563237244,0.15780325942827186
526,ptndata_small/1crnA9-13_mess627.obj,203.02922971297014,0.15124065973363862
527,ptndata_small/1crnA9-13_mess628.obj,97.9429233600895,0.13173538196045834
528,ptndata_small/1crnA13-17_mess629.obj,292.07540717707997,0.1247273773828137
529,ptndata_small/1crnA10-14_mess630.obj,71.33755025974472,0.1807424371983895
530,ptndata_small/1crnA10-14_mess631.obj,173.25256276458626,0.15295749472573386
531,ptndata_small/1crnA10-14_mess632.obj,123.78791628392841,0.21109234261787047
532,ptndata_small/1crnA11-15_mess633.obj,106.21708975164309,0.13830270358833702
533,ptndata_small/1crnA9-13_mess634.obj,71.68393419671963,0.1735811988658814
534,ptndata_small/1crnA8-12_mess635.obj,208.51971910918328,0.1394251659678621
535,ptndata_small/1crnA14-18_mess636.obj,13.515717424514776,0.0
536,ptndata_small/1crnA11-15_mess637.obj,76.1826272581649,0.16609388356069602
537,ptndata_small/1crnA12-16_mess638.obj,115.48707120837284,0.1474486354599528
538,ptndata_small/1crnA7-11_mess639.obj,86.36122913938459,0.13595359136408586
539,ptndata_small/1crnA14-18_mess640.obj,13.515717424514776,0.0
540,ptndata_small/1crnA7-11_mess641.obj,376.1464822427196,0.1608389657241257
541,ptndata_small/1crnA8-12_mess642.obj,129.10292355546366,0.17170948269016004
542,ptndata_small/1crnA10-14_mess643.obj,104.43060864820269,0.16310369350443546
543,ptndata_small/1crnA8-12_mess644.obj,69.53204750834297,0.12605564832581376
544,ptndata_small/1crnA12-16_mess645.obj,193.68458659303212,0.16075931161281914
545,ptndata_small/1crnA14-18_mess646.obj,126.5943743448073,0.15776836899193486
546,ptndata_small/1crnA14-18_mess647.obj,122.7571212350093,0.13859627028501906
547,ptndata_small/1crnA13-17_mess648.obj,212.80537531947024,0.16343447713550402
548,ptndata_small/1crnA9-13_mess649.obj,118.45090996602607,0.13671671391736326
549,ptndata_small/1crnA14-18_mess650.obj,317.40309594621294,0.15065419102350727
550,ptndata_small/1crnA12-16_mess651.obj,89.36989226224468,0.20335766760711246
551,ptndata_small/1crnA12-16_mess652.obj,11.958233993651502,0.0
552,ptndata_small/1crnA8-12_mess653.obj,129.32263321912026,0.14964702154552262
553,ptndata_small/1crnA14-18_mess654.obj,199.119787241807,0.16253289243467306
554,ptndata_small/1crnA8-12_mess655.obj,158.17820188364843,0.14103147690804008
555,ptndata_small/1crnA13-17_mess656.obj,285.75612641615317,0.14768620096197285
556,ptndata_small/1crnA13-17_mess657.obj,101.28474124554512,0.1451877756786036
557,ptndata_small/1crnA9-13_mess658.obj,31.56194313187025,0.14670727773517808
558,ptndata_small/1crnA12-16_mess659.obj,222.52103268573762,0.16419031842572332
559,ptndata_small/1crnA8-12_mess660.obj,11.958233993651502,0.0
560,ptndata_small/1crnA7-11_mess661.obj,94.77371785970915,0.15492804583682565
561,ptndata_small/1crnA10-14_mess662.obj,11.958233993651502,0.0
562,ptndata_small/1crnA10-14_mess663.obj,137.4260711137333,0.15673804374422648
563,ptndata_small/1crnA10-14_mess664.obj,11.958233993651502,0.0
564,ptndata_small/1crnA14-18_mess665.obj,197.41085899638898,0.1625311210202061
565,ptndata_small/1crnA11-15_mess666.obj,11.958233993651502,0.0
566,ptndata_small/1crnA12-16_mess667.obj,151.2224045188313,0.1460332702217722
567,ptndata_small/1crnA10-14_mess668.obj,156.06446426037826,0.16616038560203722
568,ptndata_small/1crnA14-18_mess669.obj,181.52568473137526,0.15293976410348462
569,ptndata_small/1crnA7-11_mess670.obj,162.21239105574767,0.16832598005653907
570,ptndata_small/1crnA7-11_mess671.obj,83.46316108382521,0.14353814586224256
571,ptndata_small/1crnA7-11_mess672.obj,149.08559088553233,0.13465485130929133
572,ptndata_small/1crnA7-11_mess673.obj,162.44349545937828,0.16557948296120756
573,ptndata_small/1crnA14-18_mess674.obj,257.7127898002536,0.185381767452599
574,ptndata_small/1crnA12-16_mess675.obj,11.958233993651502,0.0
575,ptndata_small/1crnA10-14_mess676.obj,134.76163759792678,0.1557912976811954
576,ptndata_small/1crnA10-14_mess677.obj,212.39561047794086,0.17319728140421248
577,ptndata_small/1crnA13-17_mess678.obj,69.40707872861738,0.12328737966611687
578,ptndata_small/1crnA8-12_mess679.obj,210.0958466272736,0.14142332416150907
579,ptndata_small/1crnA8-12_mess680.obj,290.7540585593938,0.1844771286326256
580,ptndata_small/1crnA10-14_mess681.obj,74.35605650561607,0.11061467719210147
581,ptndata_small/1crnA12-16_mess682.obj,115.12454582869013,0.15666450697411907
582,ptndata_small/1crnA7-11_mess683.obj,101.04943143310442,0.17643904544608652
583,ptndata_small/1crnA13-17_mess684.obj,138.61988084077535,0.2195083581345288
584,ptndata_small/1crnA10-14_mess685.obj,202.2146028167651,0.16030459794077634
585,ptndata_small/1crnA10-14_mess686.obj,223.5443199992634,0.1469457897307367
586,ptndata_small/1crnA9-13_mess687.obj,177.649356193652,0.20941937956645146
587,ptndata_small/1crnA9-13_mess688.obj,212.04661390412042,0.17408656278307866
588,ptndata_small/1crnA9-13_mess689.obj,295.27081308217817,0.17751514240788938
589,ptndata_small/1crnA14-18_mess690.obj,167.86932514157368,0.15406881891129612
590,ptndata_small/1crnA13-17_mess691.obj,231.88686234148602,0.1707428378237538
591,ptndata_small/1crnA9-13_mess692.obj,186.02691256733704,0.19065662244975728
592,ptndata_small/1crnA14-18_mess693.obj,132.31808209848145,0.16937748395440044
593,ptndata_small/1crnA7-11_mess694.obj,409.2754862621943,0.13597472514098335
594,ptndata_small/1crnA9-13_mess695.obj,100.52432732712734,0.2016298474797787
595,ptndata_small/1crnA10-14_mess696.obj,125.79148948231777,0.14906387265091084
596,ptndata_small/1crnA7-11_mess697.obj,518.3596721671183,0.1780879920235974
597,ptndata_small/1crnA13-17_mess698.obj,188.43631015116787,0.16578884157132487
598,ptndata_small/1crnA13-17_mess699.obj,334.7670662882121,0.1449050539380711
599,ptndata_small/1crnA7-11_mess700.obj,95.33239947439164,0.14605328724755054
600,ptndata_small/1crnA7-11_mess701.obj,60.94781415585503,0.0997823519542973
601,ptndata_small/1crnA12-16_mess702.obj,450.1425954866491,0.2049888544345194
602,ptndata_small/1crnA14-18_mess703.obj,256.8659175025928,0.18051605372356846
603,ptndata_small/1crnA13-17_mess704.obj,96.208987350229,0.1530598686134556
604,ptndata_small/1crnA8-12_mess705.obj,84.73046107997403,0.16132567647065602
605,ptndata_small/1crnA10-14_mess706.obj,139.5586620444617,0.20157154743709715
606,ptndata_small/1crnA13-17_mess707.obj,333.191307610728,0.202154474415216
607,ptndata_small/1crnA14-18_mess708.obj,113.04891002440687,0.16230215789926314
608,ptndata_small/1crnA7-11_mess709.obj,110.56138845275879,0.1269128108018049
609,ptndata_small/1crnA11-15_mess710.obj,219.5724429659769,0.1542240828724725
610,ptndata_small/1crnA8-12_mess711.obj,11.958233993651502,0.0
611,ptndata_small/1crnA7-11_mess712.obj,329.98254582508304,0.2171174401226084
612,ptndata_small/1crnA12-16_mess713.obj,11.958233993651502,0.0
613,ptndata_small/1crnA14-18_mess714.obj,13.515717424514776,0.0
614,ptndata_small/1crnA7-11_mess715.obj,234.0123952418618,0.1671051291686026
615,ptndata_small/1crnA14-18_mess716.obj,162.91100707210376,0.17342200938925265
616,ptndata_small/1crnA14-18_mess717.obj,164.99749867677912,0.18397201239661928
617,ptndata_small/1crnA12-16_mess718.obj,143.24919408308926,0.15700154037695005
618,ptndata_small/1crnA14-18_mess719.obj,189.32386072816877,0.16542400053272815
619,ptndata_small/1crnA9-13_mess720.obj,300.27009446514774,0.17228876392313186
620,ptndata_small/1crnA10-14_mess721.obj,158.6549082433704,0.15815810994872606
621,ptndata_small/1crnA11-15_mess722.obj,205.06289898026196,0.13184766248095406
622,ptndata_small/1crnA10-14_mess723.obj,99.20940789012913,0.15683584949565954
623,ptndata_small/1crnA14-18_mess724.obj,169.91566517705576,0.13038843017242946
624,ptndata_small/1crnA9-13_mess725.obj,475.4332744049543,0.1814082081788548
625,ptndata_small/1crnA9-13_mess726.obj,262.37332487836767,0.15602495261454133
626,ptndata_small/1crnA7-11_mess727.obj,340.21176094905263,0.1410454823976573
627,ptndata_small/1crnA10-14_mess728.obj,164.0453597565023,0.1479710696612768
628,ptndata_small/1crnA8-12_mess729.obj,383.886964225838,0.1505480462976635
629,ptndata_small/1crnA9-13_mess730.obj,249.63751169444808,0.16270259135629853
630,ptndata_small/1crnA11-15_mess731.obj,370.8851083495175,0.1678635087417115
631,ptndata_small/1crnA9-13_mess732.obj,195.75356406656928,0.16702292619093376
632,ptndata_small/1crnA8-12_mess733.obj,179.38506833208774,0.15341791343602662
633,ptndata_small/1crnA7-11_mess734.obj,83.34061192849809,0.12764714204950886
634,ptndata_small/1crnA7-11_mess735.obj,233.88930012913607,0.16132660395180648
635,ptndata_small/1crnA13-17_mess736.obj,11.958233993651502,0.0
636,ptndata_small/1crnA9-13_mess737.obj,149.219678467488,0.16606612123336764
637,ptndata_small/1crnA7-11_mess738.obj,101.23508630635362,0.17326383577761106
638,ptndata_small/1crnA7-11_mess739.obj,258.1594149656198,0.1640934907102347
639,ptndata_small/1crnA12-16_mess740.obj,436.4125617930348,0.21724627026333676
640,ptndata_small/1crnA9-13_mess741.obj,263.4899306747831,0.15883705702500708
641,ptndata_small/1crnA13-17_mess742.obj,123.9581680467648,0.14420324988813882
642,ptndata_small/1crnA13-17_mess743.obj,211.4190659483298,0.14278946621750654
643,ptndata_small/1crnA10-14_mess744.obj,271.6440730539599,0.15714285652461565
644,ptndata_small/1crnA10-14_mess745.obj,255.21663485442542,0.14361113143740936
645,ptndata_small/1crnA13-17_mess746.obj,111.36349976780608,0.16265562231363834
646,ptndata_small/1crnA7-11_mess747.obj,197.67508504629524,0.13743392185518172
647,ptndata_small/1crnA9-13_mess748.obj,316.08431532565527,0.13903780698429175
648,ptndata_small/1crnA11-15_mess749.obj,168.53525456480008,0.1213224206348954
649,ptndata_small/1crnA7-11_mess750.obj,112.97627024855468,0.14848635373446106
650,ptndata_small/1crnA11-15_mess751.obj,41.16435240996593,0.14167749438360694
651,ptndata_small/1crnA9-13_mess752.obj,174.20727220819882,0.19172272524477307
652,ptndata_small/1crnA8-12_mess753.obj,122.8675099730706,0.1841743025675359
653,ptndata_small/1crnA12-16_mess754.obj,214.8864124181657,0.2302011534937052
654,ptndata_small/1crnA7-11_mess755.obj,13.255784713412645,0.0
655,ptndata_small/1crnA7-11_mess756.obj,170.02043585525325,0.15939932312130475
656,ptndata_small/1crnA9-13_mess757.obj,115.56384068466309,0.17507970010614088
657,ptndata_small/1crnA8-12_mess758.obj,128.79257053025657,0.15502229018441685
658,ptndata_small/1crnA12-16_mess759.obj,151.10228602982247,0.14406450355077527
659,ptndata_small/1crnA13-17_mess760.obj,98.76658196955273,0.1700540278581418
660,ptndata_small/1crnA14-18_mess761.obj,13.515717424514776,0.0
661,ptndata_small/1crnA12-16_mess762.obj,182.10716510681198,0.13359062965177612
662,ptndata_small/1crnA10-14_mess763.obj,118.24164217088176,0.1430624067290853
663,ptndata_small/1crnA8-12_mess764.obj,11.958233993651502,0.0
664,ptndata_small/1crnA7-11_mess765.obj,165.43182220415653,0.14925111754466694
665,ptndata_small/1crnA9-13_mess766.obj,111.28576711581543,0.18543160394674227
666,ptndata_small/1crnA14-18_mess767.obj,117.55263910157915,0.14944814644198373
667,ptndata_small/1crnA11-15_mess768.obj,89.86574062058239,0.17827528103700402
668,ptndata_small/1crnA10-14_mess769.obj,183.56192030293838,0.15607132736362936
669,ptndata_small/1crnA9-13_mess770.obj,206.2057480004953,0.1749145666859417
670,ptndata_small/1crnA13-17_mess771.obj,207.53800231103725,0.17712249140654127
671,ptndata_small/1crnA14-18_mess772.obj,216.49515719636204,0.16381341735355362
672,ptndata_small/1crnA11-15_mess773.obj,154.31335164665364,0.16862680315509576
673,ptndata_small/1crnA12-16_mess774.obj,134.51623923454122,0.19057483884856485
674,ptndata_small/1crnA12-16_mess775.obj,129.34191653564213,0.17047893954663754
675,ptndata_small/1crnA14-18_mess776.obj,249.0113071709853,0.17040980105647352
676,ptndata_small/1crnA9-13_mess777.obj,89.54090356991615,0.11768441514272653
677,ptndata_small/1crnA7-11_mess778.obj,146.67247773325428,0.16164514471983993
678,ptndata_small/1crnA9-13_mess779.obj,117.12949267230005,0.14143603886387787
679,ptndata_small/1crnA8-12_mess780.obj,83.73990726206985,0.1536485833427553
680,ptndata_small/1crnA8-12_mess781.obj,11.958233993651502,0.0
681,ptndata_small/1crnA13-17_mess782.obj,149.91606088837042,0.18058181277413995
682,ptndata_small/1crnA10-14_mess783.obj,85.53894500200968,0.1744860116342742
683,ptndata_small/1crnA13-17_mess784.obj,308.59602267181253,0.18296024670995764
684,ptndata_small/1crnA8-12_mess785.obj,294.33598651869,0.1900235387087624
685,ptndata_small/1crnA11-15_mess786.obj,83.50468496242229,0.17759284795395602
686,ptndata_small/1crnA13-17_mess787.obj,346.0311037437581,0.19607624913571592
687,ptndata_small/1crnA13-17_mess788.obj,11.958233993651502,0.0
688,ptndata_small/1crnA7-11_mess789.obj,279.69237785336963,0.15673438024042505
689,ptndata_small/1crnA9-13_mess790.obj,97.7840701911678,0.12133227264144868
690,ptndata_small/1crnA9-13_mess791.obj,232.53479909025228,0.12506115189400038
691,ptndata_small/1crnA10-14_mess792.obj,11.958233993651502,0.0
692,ptndata_small/1crnA9-13_mess793.obj,272.75728014732186,0.1351707478803382
693,ptndata_small/1crnA14-18_mess794.obj,172.86019452215228,0.13604168694936972
694,ptndata_small/1crnA13-17_mess795.obj,137.7068384694228,0.197029294944646
695,ptndata_small/1crnA7-11_mess796.obj,372.8493683474879,0.1490988005887542
696,ptndata_small/1crnA11-15_mess797.obj,262.8556277933141,0.15856036777336585
697,ptndata_small/1crnA13-17_mess798.obj,159.16121843715965,0.15954642683188144
698,ptndata_small/1crnA8-12_mess799.obj,11.958233993651502,0.0
699,ptndata_small/1crnA12-16_mess800.obj,174.85870863324078,0.16691334721301535
700,ptndata_small/1crnA13-17_mess801.obj,265.26244152662485,0.1432212174782597
701,ptndata_small/1crnA9-13_mess802.obj,150.49910491088767,0.13089887966767272
702,ptndata_small/1crnA9-13_mess803.obj,185.63527060805959,0.18328132337915148
703,ptndata_small/1crnA9-13_mess804.obj,79.0440706934103,0.14951667709195807
704,ptndata_small/1crnA9-13_mess805.obj,322.36883073118423,0.176553364558132
705,ptndata_small/1crnA11-15_mess806.obj,95.47328156345215,0.15983321043085774
706,ptndata_small/1crnA10-14_mess807.obj,106.98030374979686,0.1442472940146388
707,ptndata_small/1crnA13-17_mess808.obj,286.9218988035992,0.18394227805563615
708,ptndata_small/1crnA9-13_mess809.obj,149.28617821359342,0.1904981830783568
709,ptndata_small/1crnA11-15_mess810.obj,111.72340964253294,0.14944170703526774
710,ptndata_small/1crnA7-11_mess811.obj,226.78931098615087,0.17008952691023432
711,ptndata_small/1crnA11-15_mess812.obj,195.70439281928813,0.15635376671580134
712,ptndata_small/1crnA12-16_mess813.obj,124.94765666761367,0.1513699397960676
713,ptndata_small/1crnA13-17_mess814.obj,298.3667349942056,0.1908370509506675
714,ptndata_small/1crnA8-12_mess815.obj,66.1630491940624,0.12649041502257524
715,ptndata_small/1crnA14-18_mess816.obj,241.77895703093444,0.16905264589423574
716,ptndata_small/1crnA14-18_mess817.obj,100.99261579953766,0.1529577855385209
717,ptndata_small/1crnA7-11_mess818.obj,287.35491778528825,0.1607527732469911
718,ptndata_small/1crnA7-11_mess819.obj,334.7652616010275,0.15548680853781538
719,ptndata_small/1crnA13-17_mess820.obj,222.04170121206676,0.1303711295598301
720,ptndata_small/1crnA12-16_mess821.obj,113.86215225859152,0.1362005604536225
721,ptndata_small/1crnA8-12_mess822.obj,11.958233993651502,0.0
722,ptndata_small/1crnA12-16_mess823.obj,145.90191578364937,0.12621293305296227
723,ptndata_small/1crnA10-14_mess824.obj,171.60478736847867,0.19547115347519944
724,ptndata_small/1crnA13-17_mess825.obj,207.54982766639282,0.16481344238200593
725,ptndata_small/1crnA11-15_mess826.obj,293.76254284972333,0.181501431281968
726,ptndata_small/1crnA8-12_mess827.obj,451.5506504342611,0.19135224537058795
727,ptndata_small/1crnA12-16_mess828.obj,156.73996893892766,0.17404292989235312
728,ptndata_small/1crnA9-13_mess829.obj,150.85093987266774,0.12764375323452914
729,ptndata_small/1crnA10-14_mess830.obj,161.20076838163348,0.1835593700029436
730,ptndata_small/1crnA9-13_mess831.obj,156.24812988352298,0.1713108610120291
731,ptndata_small/1crnA8-12_mess832.obj,285.8535255787812,0.1362157676363241
732,ptndata_small/1crnA8-12_mess833.obj,11.958233993651502,0.0
733,ptndata_small/1crnA7-11_mess834.obj,248.7880961958517,0.16956818196161846
734,ptndata_small/1crnA11-15_mess835.obj,78.57912935286865,0.14071424337186655
735,ptndata_small/1crnA13-17_mess836.obj,63.1353917627027,0.20534926115887173
736,ptndata_small/1crnA13-17_mess837.obj,150.0391635645344,0.18488047804572466
737,ptndata_small/1crnA13-17_mess838.obj,146.9854420151023,0.16251383508853992
738,ptndata_small/1crnA10-14_mess839.obj,268.09478382549565,0.14088302353018284
739,ptndata_small/1crnA9-13_mess840.obj,167.0117056412617,0.1795576109388695
740,ptndata_small/1crnA10-14_mess841.obj,243.1869850315136,0.19749863017139302
741,ptndata_small/1crnA14-18_mess842.obj,107.34956195847685,0.1413290705651857
742,ptndata_small/1crnA8-12_mess843.obj,263.6261907254712,0.1833401977626036
743,ptndata_small/1crnA10-14_mess844.obj,244.7196030629301,0.1323748306669816
744,ptndata_small/1crnA11-15_mess845.obj,464.42800628580613,0.1438652537016257
745,ptndata_small/1crnA8-12_mess846.obj,91.11803180568745,0.1923294706315445
746,ptndata_small/1crnA7-11_mess847.obj,212.73546270959642,0.19303483880966965
747,ptndata_small/1crnA12-16_mess848.obj,82.9643843363682,0.1610751871734964
748,ptndata_small/1crnA9-13_mess849.obj,257.2538279066769,0.1719082000456368
749,ptndata_small/1crnA14-18_mess850.obj,98.61273687776016,0.14960249981533494
750,ptndata_small/1crnA12-16_mess851.obj,237.43750675131088,0.21779245097231006
751,ptndata_small/1crnA8-12_mess852.obj,174.86405817212605,0.1463660624931315
752,ptndata_small/1crnA14-18_mess853.obj,330.934941068734,0.16581190380593744
753,ptndata_small/1crnA11-15_mess854.obj,83.19997043603956,0.1300384531216183
754,ptndata_small/1crnA10-14_mess855.obj,492.2653708912232,0.15867793211685768
755,ptndata_small/1crnA12-16_mess856.obj,515.1380540516681,0.19875928660116635
756,ptndata_small/1crnA7-11_mess857.obj,13.255784713412645,0.0
757,ptndata_small/1crnA9-13_mess858.obj,126.7259255761923,0.12437718401168675
758,ptndata_small/1crnA10-14_mess859.obj,80.97764359804299,0.13751084956060014
759,ptndata_small/1crnA13-17_mess860.obj,150.3304875911823,0.1278359875776305
760,ptndata_small/1crnA13-17_mess861.obj,143.33866057683147,0.1618162006170481
761,ptndata_small/1crnA9-13_mess862.obj,121.94441407886951,0.1726525506017064
762,ptndata_small/1crnA14-18_mess863.obj,156.43822941769042,0.1239986289188565
763,ptndata_small/1crnA13-17_mess864.obj,140.38011255309343,0.16863260273792452
764,ptndata_small/1crnA11-15_mess865.obj,155.06026845936375,0.16056577055756285
765,ptndata_small/1crnA8-12_mess866.obj,170.06604690026109,0.17657861760374566
766,ptndata_small/1crnA11-15_mess867.obj,183.81993291213863,0.18104598637751032
767,ptndata_small/1crnA8-12_mess868.obj,129.77955807819194,0.16699919023661394
768,ptndata_small/1crnA12-16_mess869.obj,73.9266855407372,0.19651224532971054
769,ptndata_small/1crnA11-15_mess870.obj,11.958233993651502,0.0
770,ptndata_small/1crnA7-11_mess871.obj,189.6925951119553,0.19441866548011427
771,ptndata_small/1crnA8-12_mess872.obj,169.98685904271926,0.1659298970330882
772,ptndata_small/1crnA11-15_mess873.obj,70.20722422542724,0.1608046881305672
773,ptndata_small/1crnA9-13_mess874.obj,115.20105822610778,0.1824451544062313
774,ptndata_small/1crnA12-16_mess875.obj,11.958233993651502,0.0
775,ptndata_small/1crnA14-18_mess876.obj,13.515717424514776,0.0
776,ptndata_small/1crnA12-16_mess877.obj,11.958233993651502,0.0
777,ptndata_small/1crnA14-18_mess878.obj,68.4406955818596,0.1842080848707557
778,ptndata_small/1crnA13-17_mess879.obj,262.88939006495946,0.14116987176624402
779,ptndata_small/1crnA9-13_mess880.obj,214.9786577647887,0.19783296555806326
780,ptndata_small/1crnA12-16_mess881.obj,71.30994014513502,0.17227132287398958
781,ptndata_small/1crnA8-12_mess882.obj,11.958233993651502,0.0
782,ptndata_small/1crnA11-15_mess883.obj,182.13135538344096,0.14206646948731913
783,ptndata_small/1crnA11-15_mess884.obj,155.65275021427058,0.12808074696328567
784,ptndata_small/1crnA10-14_mess885.obj,93.53049685253572,0.17483784881897665
785,ptndata_small/1crnA8-12_mess886.obj,216.25226895763282,0.15327119080024182
786,ptndata_small/1crnA14-18_mess887.obj,395.6967874445377,0.1861020443411153
787,ptndata_small/1crnA9-13_mess888.obj,88.33245631202445,0.13432041896253058
788,ptndata_small/1crnA10-14_mess889.obj,184.604782953134,0.20263631290153195
789,ptndata_small/1crnA11-15_mess890.obj,310.6958691331211,0.1826424225651348
790,ptndata_small/1crnA9-13_mess891.obj,182.9948211483407,0.18813648726592944
791,ptndata_small/1crnA11-15_mess892.obj,224.31479613905555,0.1345723047198091
792,ptndata_small/1crnA11-15_mess893.obj,58.98760266246322,0.15188522343554114
793,ptndata_small/1crnA12-16_mess894.obj,11.958233993651502,0.0
794,ptndata_small/1crnA14-18_mess895.obj,150.29107470447812,0.15228074364127087
795,ptndata_small/1crnA7-11_mess896.obj,255.7868897039652,0.1872400045077311
796,ptndata_small/1crnA8-12_mess897.obj,124.52703859363548,0.2477807561126102
797,ptndata_small/1crnA9-13_mess898.obj,11.958233993651502,0.0
798,ptndata_small/1crnA7-11_mess899.obj,165.39109004811442,0.17309621505151468
799,ptndata_small/1crnA12-16_mess900.obj,149.67760528804263,0.2052389884561768
800,ptndata_small/1crnA9-13_mess901.obj,96.97654968073414,0.15443466579236215
801,ptndata_small/1crnA10-14_mess902.obj,89.7717270422478,0.19351477761712432
802,ptndata_small/1crnA13-17_mess903.obj,213.24323789538602,0.1341695712012481
803,ptndata_small/1crnA8-12_mess904.obj,108.13502734503624,0.16497123313930007
804,ptndata_small/1crnA14-18_mess905.obj,372.2973719557816,0.17994233000451215
805,ptndata_small/1crnA10-14_mess906.obj,92.98729863132992,0.1772883289488076
806,ptndata_small/1crnA13-17_mess907.obj,254.27354205419368,0.17129250138302984
807,ptndata_small/1crnA7-11_mess908.obj,13.255784713412645,0.0
808,ptndata_small/1crnA11-15_mess909.obj,135.60698442301467,0.17080126259326378
809,ptndata_small/1crnA12-16_mess910.obj,82.9152457550265,0.16720439662643438
810,ptndata_small/1crnA14-18_mess911.obj,159.2571137006757,0.13616014693014028
811,ptndata_small/1crnA10-14_mess912.obj,339.33729182782747,0.14523044283405712
812,ptndata_small/1crnA14-18_mess913.obj,114.90867429466309,0.18994956864139229
813,ptndata_small/1crnA9-13_mess914.obj,218.87042247144748,0.17030834280480509
814,ptndata_small/1crnA11-15_mess915.obj,197.79641374252307,0.14783036575964956
815,ptndata_small/1crnA14-18_mess916.obj,13.515717424514776,0.0
816,ptndata_small/1crnA10-14_mess917.obj,190.01844598536425,0.200550579036863
817,ptndata_small/1crnA9-13_mess918.obj,129.08237954137766,0.16900427097062093
818,ptndata_small/1crnA13-17_mess919.obj,116.04067333568493,0.15762311542353366
819,ptndata_small/1crnA11-15_mess920.obj,248.61252479545064,0.16401302542173354
820,ptndata_small/1crnA9-13_mess921.obj,403.39087974674936,0.14767298793650244
821,ptndata_small/1crnA14-18_mess922.obj,104.1438836120237,0.13591128697063162
822,ptndata_small/1crnA7-11_mess923.obj,133.2994442835643,0.11454507686197055
823,ptndata_small/1crnA14-18_mess924.obj,142.08530316457248,0.1489107813702659
824,ptndata_small/1crnA9-13_mess925.obj,359.30748986577265,0.20022811773534527
825,ptndata_small/1crnA13-17_mess926.obj,221.61027963154962,0.13393125797187394
826,ptndata_small/1crnA13-17_mess927.obj,105.71500447753635,0.15981158916900304
827,ptndata_small/1crnA8-12_mess928.obj,550.7799736445744,0.17962348329921424
828,ptndata_small/1crnA12-16_mess929.obj,11.958233993651502,0.0
829,ptndata_small/1crnA10-14_mess930.obj,225.55419272621074,0.18721871866531825
830,ptndata_small/1crnA7-11_mess931.obj,13.255784713412645,0.0
831,ptndata_small/1crnA7-11_mess932.obj,165.4720852725989,0.204887670364732
832,ptndata_small/1crnA13-17_mess933.obj,249.8726468217901,0.17963554484486324
833,ptndata_small/1crnA10-14_mess934.obj,128.83498976880492,0.13698342656044593
834,ptndata_small/1crnA7-11_mess935.obj,107.62606115386572,0.13981664337396907
835,ptndata_small/1crnA11-15_mess936.obj,11.958233993651502,0.0
836,ptndata_small/1crnA14-18_mess937.obj,127.84739164192369,0.19293613897490386
837,ptndata_small/1crnA12-16_mess938.obj,165.3829163913248,0.12941138986631445
838,ptndata_small/1crnA12-16_mess939.obj,302.0482659516344,0.17695205601710914
839,ptndata_small/1crnA8-12_mess940.obj,147.27667158379958,0.12908178498551173
840,ptndata_small/1crnA14-18_mess941.obj,13.515717424514776,0.0
841,ptndata_small/1crnA12-16_mess942.obj,84.21232962485868,0.2014638967901452
842,ptndata_small/1crnA12-16_mess943.obj,257.4164752420922,0.13926237394000102
843,ptndata_small/1crnA13-17_mess944.obj,84.76970488821709,0.16849590682519158
844,ptndata_small/1crnA7-11_mess945.obj,157.10267732085518,0.11636629433702675
845,ptndata_small/1crnA9-13_mess946.obj,248.13164731787998,0.20100338996616812
846,ptndata_small/1crnA12-16_mess947.obj,174.5009554673957,0.13815964737920994
847,ptndata_small/1crnA14-18_mess948.obj,286.51923600491375,0.1791489355776517
848,ptndata_small/1crnA13-17_mess949.obj,193.93016054175706,0.1570663006571396
849,ptndata_small/1crnA11-15_mess950.obj,77.22973382646673,0.1448231540377536
850,ptndata_small/1crnA8-12_mess951.obj,188.27580292038024,0.16552438842790262
851,ptndata_small/1crnA11-15_mess952.obj,83.03368305427294,0.16452834770475855
852,ptndata_small/1crnA8-12_mess953.obj,233.10545892722644,0.17180002365260424
853,ptndata_small/1crnA12-16_mess954.obj,110.80767815366795,0.16657331983184398
854,ptndata_small/1crnA8-12_mess955.obj,11.958233993651502,0.0
855,ptndata_small/1crnA8-12_mess956.obj,182.84837203055267,0.16507083390344876
856,ptndata_small/1crnA9-13_mess957.obj,108.307167521595,0.17576232472705308
857,ptndata_small/1crnA10-14_mess958.obj,141.86130900465056,0.17319258979858615
858,ptndata_small/1crnA13-17_mess959.obj,91.17298100618049,0.17190335361710238
859,ptndata_small/1crnA9-13_mess960.obj,297.48524227823236,0.1620231306438881
860,ptndata_small/1crnA8-12_mess961.obj,224.30263372030262,0.12980220148046107
861,ptndata_small/1crnA13-17_mess962.obj,139.6545859550818,0.1376497226837796
862,ptndata_small/1crnA7-11_mess963.obj,156.78323961092158,0.17139498191290528
863,ptndata_small/1crnA10-14_mess964.obj,49.9555838506361,0.1339865113336643
864,ptndata_small/1crnA13-17_mess965.obj,11.958233993651502,0.0
865,ptndata_small/1crnA7-11_mess966.obj,126.05521460709576,0.15944317115213552
866,ptndata_small/1crnA9-13_mess967.obj,77.69674547038791,0.2182104325332682
867,ptndata_small/1crnA11-15_mess968.obj,302.1603262229903,0.1696023238664041
868,ptndata_small/1crnA11-15_mess969.obj,159.7644927622655,0.16854010462666666
869,ptndata_small/1crnA11-15_mess970.obj,87.44634558511152,0.0956371971165224
870,ptndata_small/1crnA8-12_mess971.obj,146.62756859408344,0.13203012573379028
871,ptndata_small/1crnA12-16_mess972.obj,153.33678813670696,0.15893361376393786
872,ptndata_small/1crnA9-13_mess973.obj,205.68493779969953,0.14324462583667816
873,ptndata_small/1crnA7-11_mess974.obj,156.5993391024347,0.14320405197655905
874,ptndata_small/1crnA14-18_mess975.obj,136.78444756249516,0.1567395724368639
875,ptndata_small/1crnA7-11_mess976.obj,163.63905255866672,0.16853331412474046
876,ptndata_small/1crnA11-15_mess977.obj,229.85970920284785,0.15013054477205526
877,ptndata_small/1crnA9-13_mess978.obj,143.84786805532224,0.13632503135536264
878,ptndata_small/1crnA14-18_mess979.obj,178.89163982627784,0.13402487470113714
879,ptndata_small/1crnA14-18_mess980.obj,183.98637975260812,0.14210061313172154
880,ptndata_small/1crnA12-16_mess981.obj,11.958233993651502,0.0
881,ptndata_small/1crnA11-15_mess982.obj,65.98992946089977,0.122253710497496
882,ptndata_small/1crnA7-11_mess983.obj,253.95412915327114,0.1857658112558356
883,ptndata_small/1crnA14-18_mess984.obj,289.0627310137786,0.2083572849121084
884,ptndata_small/1crnA10-14_mess985.obj,88.44437754583208,0.16155266864670986
885,ptndata_small/1crnA8-12_mess986.obj,206.61877625030223,0.18050565474388533
886,ptndata_small/1crnA7-11_mess987.obj,204.43919004477627,0.17811759817149553
887,ptndata_small/1crnA8-12_mess988.obj,134.95758743414711,0.12639601351369056
888,ptndata_small/1crnA11-15_mess989.obj,11.958233993651502,0.0
889,ptndata_small/1crnA7-11_mess990.obj,72.26178870397565,0.1546896912561862
890,ptndata_small/1crnA11-15_mess991.obj,121.25472134881588,0.15236883483092575
891,ptndata_small/1crnA8-12_mess992.obj,156.97716111348316,0.19150443516576807
892,ptndata_small/1crnA11-15_mess993.obj,111.85612116745813,0.1871437936019812
893,ptndata_small/1crnA7-11_mess994.obj,404.3705668398868,0.15231121893359453
894,ptndata_small/1crnA13-17_mess995.obj,137.7558357667175,0.14914835136373486
895,ptndata_small/1crnA12-16_mess996.obj,11.958233993651502,0.0
896,ptndata_small/1crnA9-13_mess997.obj,153.7099670918685,0.14389813789068467
897,ptndata_small/1crnA9-13_mess998.obj,184.20653346972,0.17110243286053375
898,ptndata_small/1crnA14-18_mess999.obj,220.0094476597067,0.11490933091468095
899,ptndata_small/1crnA11-15_mess1000.obj,168.0352731660199,0.18146744514067592
900,ptndata_small/1crnA13-17_mess1001.obj,201.75058827353328,0.17226447596367872
901,ptndata_small/1crnA9-13_mess1002.obj,267.3833671854346,0.1588840116536
902,ptndata_small/1crnA7-11_mess1003.obj,147.75915663853996,0.19612766220245195
903,ptndata_small/1crnA8-12_mess1004.obj,237.1753538437256,0.1627656843794498
904,ptndata_small/1crnA9-13_mess1005.obj,163.67224490402663,0.22465435015170448
905,ptndata_small/1crnA8-12_mess1006.obj,147.89374583206023,0.1976717439023805
906,ptndata_small/1crnA13-17_mess1007.obj,138.1643477019658,0.15165436279610806
907,ptndata_small/1crnA14-18_mess1008.obj,184.54785896086773,0.1052384171728382
908,ptndata_small/1crnA11-15_mess1009.obj,215.52689695586497,0.2002767858691332
909,ptndata_small/1crnA9-13_mess1010.obj,11.958233993651502,0.0
910,ptndata_small/1crnA14-18_mess1011.obj,111.02919761375126,0.1314479251893337
911,ptndata_small/1crnA7-11_mess1012.obj,13.255784713412645,0.0
912,ptndata_small/1crnA13-17_mess1013.obj,240.49279356753715,0.14720356073564486
913,ptndata_small/1crnA10-14_mess1014.obj,284.37537767327166,0.1506171635676034
914,ptndata_small/1crnA13-17_mess1015.obj,209.01724354441262,0.16006691214826585
915,ptndata_small/1crnA10-14_mess1016.obj,162.81487972711145,0.1297812125825916
916,ptndata_small/1crnA11-15_mess1017.obj,218.5921941361701,0.1551318877477745
917,ptndata_small/1crnA12-16_mess1018.obj,271.87447222348834,0.1352365603394787
918,ptndata_small/1crnA9-13_mess1019.obj,129.8823118750023,0.16375583962553442
919,ptndata_small/1crnA10-14_mess1020.obj,11.958233993651502,0.0
920,ptndata_small/1crnA11-15_mess1021.obj,11.958233993651502,0.0
921,ptndata_small/1crnA9-13_mess1022.obj,151.95364068310312,0.2116378003578073
922,ptndata_small/1crnA10-14_mess1023.obj,194.87830556246368,0.1452228401340704
923,ptndata_small/1crnA12-16_mess1024.obj,296.8793976410781,0.21159791970443534
924,ptndata_small/1crnA11-15_mess1025.obj,216.01283488133097,0.12973466511877324
925,ptndata_small/1crnA11-15_mess1026.obj,104.42514920033916,0.1410461776174651
926,ptndata_small/1crnA7-11_mess1027.obj,151.73824908225234,0.17769672552021953
927,ptndata_small/1crnA12-16_mess1028.obj,11.958233993651502,0.0
928,ptndata_small/1crnA14-18_mess1029.obj,360.43412517467283,0.1421541770396951
929,ptndata_small/1crnA13-17_mess1030.obj,246.2035774465256,0.15147763018635996
930,ptndata_small/1crnA12-16_mess1031.obj,261.33785334069364,0.12070946345318785
931,ptndata_small/1crnA9-13_mess1032.obj,107.97166944126423,0.15252197225220238
932,ptndata_small/1crnA7-11_mess1033.obj,240.66794260254383,0.14074819252545212
933,ptndata_small/1crnA12-16_mess1034.obj,256.9065493968514,0.13029304159792998
934,ptndata_small/1crnA14-18_mess1035.obj,146.02911236734403,0.17037258864543378
935,ptndata_small/1crnA14-18_mess1036.obj,193.1060080755433,0.1303543803678165
936,ptndata_small/1crnA9-13_mess1037.obj,100.8900374165854,0.1796041740846774
937,ptndata_small/1crnA13-17_mess1038.obj,313.30753870113386,0.14474116345964366
938,ptndata_small/1crnA14-18_mess1039.obj,137.98616010767677,0.14854579270456025
939,ptndata_small/1crnA11-15_mess1040.obj,143.85431893812543,0.15740024927749022
940,ptndata_small/1crnA12-16_mess1041.obj,87.47752411947374,0.1390325635149786
941,ptndata_small/1crnA11-15_mess1042.obj,203.28407586557012,0.15194514385389254
942,ptndata_small/1crnA11-15_mess1043.obj,104.35159451183928,0.154622119713637
943,ptndata_small/1crnA10-14_mess1044.obj,11.958233993651502,0.0
944,ptndata_small/1crnA14-18_mess1045.obj,358.0962636903717,0.16139768672616822
945,ptndata_small/1crnA7-11_mess1046.obj,179.92614641156754,0.1734529341713755
946,ptndata_small/1crnA8-12_mess1047.obj,62.93269502661829,0.14539625378324625
947,ptndata_small/1crnA13-17_mess1048.obj,11.958233993651502,0.0
948,ptndata_small/1crnA9-13_mess1049.obj,246.26870436431838,0.15471041704725505
949,ptndata_small/1crnA7-11_mess1050.obj,378.383138521096,0.18909294197599355
950,ptndata_small/1crnA7-11_mess1051.obj,166.59927554887855,0.1993349610741459
951,ptndata_small/1crnA14-18_mess1052.obj,216.56427934371797,0.189670127622122
952,ptndata_small/1crnA11-15_mess1053.obj,82.30977812329955,0.14299191173978992
953,ptndata_small/1crnA10-14_mess1054.obj,307.9265556511816,0.15928459493700625
954,ptndata_small/1crnA9-13_mess1055.obj,71.6992997749919,0.1640893659002726
955,ptndata_small/1crnA14-18_mess1056.obj,102.14229972124264,0.13628988158866506
956,ptndata_small/1crnA7-11_mess1057.obj,92.00441542015119,0.13278523896111122
957,ptndata_small/1crnA11-15_mess1058.obj,111.01580334592764,0.14846961219719956
958,ptndata_small/1crnA11-15_mess1059.obj,191.19193293521758,0.1716861113357068
959,ptndata_small/1crnA11-15_mess1060.obj,11.958233993651502,0.0
960,ptndata_small/1crnA8-12_mess1061.obj,105.87043915002951,0.11896099946558908
961,ptndata_small/1crnA10-14_mess1062.obj,267.6461489883202,0.12666392385320513
962,ptndata_small/1crnA12-16_mess1063.obj,62.63125050609973,0.1126395392399517
963,ptndata_small/1crnA14-18_mess1064.obj,76.2179395055327,0.17301557584765706
964,ptndata_small/1crnA9-13_mess1065.obj,156.42155569117833,0.1480434573196822
965,ptndata_small/1crnA7-11_mess1066.obj,13.255784713412645,0.0
966,ptndata_small/1crnA11-15_mess1067.obj,110.14804155479008,0.21552177642628192
967,ptndata_small/1crnA8-12_mess1068.obj,201.3223324678812,0.15844483731581213
968,ptndata_small/1crnA14-18_mess1069.obj,159.79861583034352,0.209692769741584
969,ptndata_small/1crnA13-17_mess1070.obj,152.91439964609225,0.16410610984160973
970,ptndata_small/1crnA11-15_mess1071.obj,216.59016409051208,0.14259590982055062
971,ptndata_small/1crnA13-17_mess1072.obj,139.3849996182565,0.14510889116033807
972,ptndata_small/1crnA7-11_mess1073.obj,135.35179520288705,0.2296968890220978
973,ptndata_small/1crnA9-13_mess1074.obj,139.8572283969855,0.16262255712760815
974,ptndata_small/1crnA13-17_mess1075.obj,84.5494569078739,0.11788787449835107
975,ptndata_small/1crnA7-11_mess1076.obj,230.31853680022667,0.1758651108689431
976,ptndata_small/1crnA10-14_mess1077.obj,106.597926875413,0.13051145080560733
977,ptndata_small/1crnA8-12_mess1078.obj,107.9803676984438,0.1543890714069355
978,ptndata_small/1crnA10-14_mess1079.obj,261.2267546783003,0.16716492038651518
979,ptndata_small/1crnA12-16_mess1080.obj,124.5737874939755,0.1642743649647125
980,ptndata_small/1crnA9-13_mess1081.obj,92.8252438010486,0.1526585218403334
981,ptndata_small/1crnA10-14_mess1082.obj,139.2321427531728,0.1495712199473586
982,ptndata_small/1crnA7-11_mess1083.obj,176.60066619776435,0.16060916772594291
983,ptndata_small/1crnA12-16_mess1084.obj,127.86262618340609,0.13476113679463814
984,ptndata_small/1crnA8-12_mess1085.obj,49.80731135246521,0.16858452284850628
985,ptndata_small/1crnA8-12_mess1086.obj,200.67162228885655,0.19289510911044108
986,ptndata_small/1crnA8-12_mess1087.obj,219.95334074367543,0.1777692334256566
987,ptndata_small/1crnA10-14_mess1088.obj,242.3639925901998,0.1664535811226094
988,ptndata_small/1crnA12-16_mess1089.obj,150.24697463898198,0.13602304702551368
989,ptndata_small/1crnA14-18_mess1090.obj,115.2087588004681,0.18135727712149116
990,ptndata_small/1crnA10-14_mess1091.obj,207.2828450898089,0.19937002052252312
991,ptndata_small/1crnA11-15_mess1092.obj,119.0189195397357,0.13569082762510512
992,ptndata_small/1crnA8-12_mess1093.obj,94.27303585474377,0.17175978152830387
993,ptndata_small/1crnA12-16_mess1094.obj,428.29064557571036,0.15866668253208602
994,ptndata_small/1crnA12-16_mess1095.obj,296.5230994434092,0.209901719120644
995,ptndata_small/1crnA8-12_mess1096.obj,234.2301893719164,0.14991300146067266
996,ptndata_small/1crnA13-17_mess1097.obj,166.2809911389769,0.16464701283734542
997,ptndata_small/1crnA14-18_mess1098.obj,288.80149874298246,0.15573035063916024
998,ptndata_small/1crnA10-14_mess1099.obj,242.73657372929736,0.15128882677128055
